stock,strategy,trades,wins,win_rate,avg_ret,total_ret,bh_ret,edge_vs_bh
RELIANCE,STD_S1_BOUNCE_LONG,33,14,0.4242424242424242,-0.0005407723018168999,-0.018271845431564793,-0.0803636363636364,0.06209179093207161
RELIANCE,STD_R1_BOUNCE_SHORT,23,13,0.5652173913043478,0.0005081664127985001,0.011057233349200946,-0.0803636363636364,0.09142086971283735
RELIANCE,STD_R1_BREAKOUT_LONG,18,7,0.3888888888888889,-0.0011816124166418,-0.021404310684112637,-0.0803636363636364,0.058959325679523764
RELIANCE,STD_S1_BREAKDOWN_SHORT,30,15,0.5,-0.0015755980621373,-0.046716401567690635,-0.0803636363636364,0.033647234795945766
RELIANCE,FIB_S1_BOUNCE_LONG,41,23,0.5609756097560976,0.0013860752530254002,0.05768936983269235,-0.0803636363636364,0.13805300619632876
RELIANCE,FIB_R1_BOUNCE_SHORT,33,20,0.6060606060606061,0.002191421556802,0.07384855236552412,-0.0803636363636364,0.15421218872916054
RELIANCE,CAM_L3_LONG,40,19,0.475,0.00042964847707100014,0.016725060336234776,-0.0803636363636364,0.09708869669987118
RELIANCE,CAM_S3_SHORT,37,20,0.5405405405405406,0.0015107886504249,0.05641274241454508,-0.0803636363636364,0.1367763787781815
RELIANCE,CAM_R4_BREAKOUT_LONG,17,6,0.3529411764705882,-0.0012079019613984998,-0.0205863032697845,-0.0803636363636364,0.0597773330938519
RELIANCE,CAM_S4_BREAKDOWN_SHORT,26,15,0.5769230769230769,-0.0011034998482015,-0.02871630006333803,-0.0803636363636364,0.05164733630029837
TCS,STD_S1_BOUNCE_LONG,38,19,0.5,-0.0017254285397939999,-0.06549825221913008,-0.1554545454545455,0.08995629323541543
TCS,STD_R1_BOUNCE_SHORT,28,20,0.7142857142857143,0.0017764968233621,0.05003334591798625,-0.1554545454545455,0.20548789137253176
TCS,STD_R1_BREAKOUT_LONG,21,4,0.1904761904761904,-0.0071839050071932,-0.1408397600512944,-0.1554545454545455,0.014614785403251118
TCS,STD_S1_BREAKDOWN_SHORT,27,14,0.5185185185185185,0.0001446016607324001,0.00302123629116946,-0.1554545454545455,0.15847578174571497
TCS,FIB_S1_BOUNCE_LONG,43,17,0.3953488372093023,-0.0004417672602253999,-0.019604063877841194,-0.1554545454545455,0.13585048157670432
TCS,FIB_R1_BOUNCE_SHORT,33,18,0.5454545454545454,0.0009455047633437001,0.03116440825406741,-0.1554545454545455,0.18661895370861292
TCS,CAM_L3_LONG,42,15,0.3571428571428571,-0.0008826391338352999,-0.0373422457197643,-0.1554545454545455,0.11811229973478121
TCS,CAM_S3_SHORT,40,18,0.45,0.0007426036808055001,0.028869493037673388,-0.1554545454545455,0.1843240384922189
TCS,CAM_R4_BREAKOUT_LONG,19,3,0.1578947368421052,-0.0063368713872557995,-0.11409246999956568,-0.1554545454545455,0.04136207545497983
TCS,CAM_S4_BREAKDOWN_SHORT,26,11,0.4230769230769231,-0.0020035786036995,-0.05142525356451133,-0.1554545454545455,0.10402929189003418
HDFCBANK,STD_S1_BOUNCE_LONG,33,16,0.4848484848484848,0.0022653622206233,0.07440126826533389,-0.0966060606060607,0.17100732887139458
HDFCBANK,STD_R1_BOUNCE_SHORT,24,15,0.625,0.0007164909952583001,0.016455505537200876,-0.0966060606060607,0.11306156614326157
HDFCBANK,STD_R1_BREAKOUT_LONG,20,11,0.55,-0.0013293168003110998,-0.02700432897573224,-0.0966060606060607,0.06960173163032846
HDFCBANK,STD_S1_BREAKDOWN_SHORT,28,15,0.5357142857142857,-0.0017187169670637998,-0.04769739515758331,-0.0966060606060607,0.048908665448477384
HDFCBANK,FIB_S1_BOUNCE_LONG,38,27,0.7105263157894737,0.0044668553468011005,0.18086621612716236,-0.0966060606060607,0.27747227673322306
HDFCBANK,FIB_R1_BOUNCE_SHORT,34,19,0.5588235294117647,0.0008582666744006001,0.028694802938337816,-0.0966060606060607,0.1253008635443985
HDFCBANK,CAM_L3_LONG,42,22,0.5238095238095238,0.0024439100032892,0.10364922120452857,-0.0966060606060607,0.20025528181058927
HDFCBANK,CAM_S3_SHORT,34,14,0.4117647058823529,-0.0006646549743144999,-0.02331304082032759,-0.0966060606060607,0.0732930197857331
HDFCBANK,CAM_R4_BREAKOUT_LONG,20,9,0.45,-0.0024560477535684,-0.04874487643014547,-0.0966060606060607,0.04786118417591523
HDFCBANK,CAM_S4_BREAKDOWN_SHORT,28,14,0.5,2.686615509654609e-05,-0.00020017409038530776,-0.0966060606060607,0.09640588651567539
INFY,STD_S1_BOUNCE_LONG,36,22,0.6111111111111112,0.0007397230402622001,0.025839535660021173,-0.1321705426356588,0.15801007829567998
INFY,STD_R1_BOUNCE_SHORT,24,15,0.625,0.0019260336079826002,0.04631708874653806,-0.1321705426356588,0.17848763138219687
INFY,STD_R1_BREAKOUT_LONG,19,8,0.4210526315789473,-0.0045493291340668,-0.08396700211074903,-0.1321705426356588,0.04820354052490977
INFY,STD_S1_BREAKDOWN_SHORT,27,12,0.4444444444444444,-0.002890209221146,-0.07610971115767662,-0.1321705426356588,0.05606083147798219
INFY,FIB_S1_BOUNCE_LONG,43,23,0.5348837209302325,0.0003375497965798001,0.013856117148746572,-0.1321705426356588,0.14602665978440538
INFY,FIB_R1_BOUNCE_SHORT,29,17,0.5862068965517241,0.0019747666606521,0.05797083735671049,-0.1321705426356588,0.1901413799923693
INFY,CAM_L3_LONG,44,15,0.3409090909090909,-0.0008933021539388999,-0.039478528357196785,-0.1321705426356588,0.09269201427846202
INFY,CAM_S3_SHORT,33,18,0.5454545454545454,0.001608453529921,0.05317911245944584,-0.1321705426356588,0.18534965509510465
INFY,CAM_R4_BREAKOUT_LONG,19,9,0.4736842105263157,-0.0015978395840608999,-0.030505823961849088,-0.1321705426356588,0.10166471867380972
INFY,CAM_S4_BREAKDOWN_SHORT,23,8,0.3478260869565217,-0.0029119222549960997,-0.06561971281156487,-0.1321705426356588,0.06655082982409394
ICICIBANK,STD_S1_BOUNCE_LONG,34,16,0.4705882352941176,-0.0008217363220710999,-0.02806219191578463,0.0333149996071342,-0.06137719152291883
ICICIBANK,STD_R1_BOUNCE_SHORT,28,13,0.4642857142857143,-0.0003319987504984999,-0.010311737888083039,0.0333149996071342,-0.04362673749521724
ICICIBANK,STD_R1_BREAKOUT_LONG,26,13,0.5,-0.001523261838219,-0.039560356503379523,0.0333149996071342,-0.07287535611051373
ICICIBANK,STD_S1_BREAKDOWN_SHORT,30,13,0.4333333333333333,-0.0016946587880663998,-0.050051877836983616,0.0333149996071342,-0.08336687744411782
ICICIBANK,FIB_S1_BOUNCE_LONG,36,16,0.4444444444444444,-0.0002042168991189999,-0.007817559480842728,0.0333149996071342,-0.04113255908797693
ICICIBANK,FIB_R1_BOUNCE_SHORT,33,11,0.3333333333333333,-0.0003529345004200999,-0.01275922132167251,0.0333149996071342,-0.04607422092880671
ICICIBANK,CAM_L3_LONG,40,18,0.45,-0.0002052465648052999,-0.009051971626585331,0.0333149996071342,-0.04236697123371953
ICICIBANK,CAM_S3_SHORT,39,13,0.3333333333333333,-0.0001431638109896328,-0.00686928815199328,0.0333149996071342,-0.04018428775912748
ICICIBANK,CAM_R4_BREAKOUT_LONG,22,9,0.4090909090909091,-0.00021797574799479991,-0.005263194127155035,0.0333149996071342,-0.03857819373428924
ICICIBANK,CAM_S4_BREAKDOWN_SHORT,30,8,0.2666666666666666,-0.002759686867323,-0.07992798521345723,0.0333149996071342,-0.11324298482059143
HINDUNILVR,STD_S1_BOUNCE_LONG,31,15,0.4838709677419355,4.80215466885001e-05,0.0005469558079025383,-0.0263756252842201,0.026922581092122637
HINDUNILVR,STD_R1_BOUNCE_SHORT,27,12,0.4444444444444444,-0.0016641198198553,-0.04494400737794724,-0.0263756252842201,-0.01856838209372714
HINDUNILVR,STD_R1_BREAKOUT_LONG,24,11,0.4583333333333333,-0.0024691311153059,-0.05843394134213886,-0.0263756252842201,-0.03205831605791876
HINDUNILVR,STD_S1_BREAKDOWN_SHORT,26,14,0.5384615384615384,-0.0008355793777673999,-0.022045756446857245,-0.0263756252842201,0.004329868837362853
HINDUNILVR,FIB_S1_BOUNCE_LONG,37,17,0.4594594594594595,0.0003072687944004001,0.010387358707340644,-0.0263756252842201,0.03676298399156074
HINDUNILVR,FIB_R1_BOUNCE_SHORT,33,16,0.4848484848484848,0.0013247961822937001,0.04342867448939014,-0.0263756252842201,0.06980429977361025
HINDUNILVR,CAM_L3_LONG,38,11,0.2894736842105263,-0.0012915495666431,-0.04941414470011807,-0.0263756252842201,-0.02303851941589797
HINDUNILVR,CAM_S3_SHORT,38,12,0.3157894736842105,-0.0019543125742393,-0.0728637784130669,-0.0263756252842201,-0.046488153128846806
HINDUNILVR,CAM_R4_BREAKOUT_LONG,19,7,0.3684210526315789,-0.003799511774286,-0.07040675730589807,-0.0263756252842201,-0.04403113202167797
HINDUNILVR,CAM_S4_BREAKDOWN_SHORT,23,13,0.5652173913043478,-0.0002911010968904999,-0.00712484088072729,-0.0263756252842201,0.01925078440349281
ITC,STD_S1_BOUNCE_LONG,26,14,0.5384615384615384,2.9325585667237914e-05,0.00022252807425182652,-0.0732786885245901,0.07350121659884193
ITC,STD_R1_BOUNCE_SHORT,27,17,0.6296296296296297,0.0021474589631563,0.05918876778298854,-0.0732786885245901,0.13246745630757864
ITC,STD_R1_BREAKOUT_LONG,22,9,0.4090909090909091,-0.0029171122104711,-0.06265390939348858,-0.0732786885245901,0.01062477913110152
ITC,STD_S1_BREAKDOWN_SHORT,22,11,0.5,-0.0007205599880426,-0.01620018026544434,-0.0732786885245901,0.05707850825914576
ITC,FIB_S1_BOUNCE_LONG,37,22,0.5945945945945946,0.0018526743711342,0.07019294689610533,-0.0732786885245901,0.14347163542069544
ITC,FIB_R1_BOUNCE_SHORT,31,16,0.5161290322580645,0.0007401089755236001,0.022758043200408862,-0.0732786885245901,0.09603673172499896
ITC,CAM_L3_LONG,39,17,0.4358974358974359,-5.7041515817943085e-05,-0.0029465013720805233,-0.0732786885245901,0.07033218715250958
ITC,CAM_S3_SHORT,39,16,0.4102564102564102,0.0001895314380053001,0.006656585647207169,-0.0732786885245901,0.07993527417179727
ITC,CAM_R4_BREAKOUT_LONG,20,9,0.45,-0.0006908196358257998,-0.014089333319611375,-0.0732786885245901,0.05918935520497873
ITC,CAM_S4_BREAKDOWN_SHORT,21,10,0.4761904761904761,-0.0002555195496932999,-0.005791390316174816,-0.0732786885245901,0.06748729820841529
SBIN,STD_S1_BOUNCE_LONG,31,14,0.4516129032258064,-0.0019857797488887,-0.06089431014765023,-0.102152466367713,0.041258156220062764
SBIN,STD_R1_BOUNCE_SHORT,29,18,0.6206896551724138,0.0023613769404984,0.0695078788357173,-0.102152466367713,0.1716603452034303
SBIN,STD_R1_BREAKOUT_LONG,19,9,0.4736842105263157,-0.003481315283141,-0.06483786266258407,-0.102152466367713,0.03731460370512893
SBIN,STD_S1_BREAKDOWN_SHORT,26,14,0.5384615384615384,-0.0010994588785801,-0.028871835723355388,-0.102152466367713,0.07328063064435761
SBIN,FIB_S1_BOUNCE_LONG,34,17,0.5,0.00022231263052410012,0.006875331735803458,-0.102152466367713,0.10902779810351645
SBIN,FIB_R1_BOUNCE_SHORT,37,20,0.5405405405405406,0.0023220291979856,0.08815108384443793,-0.102152466367713,0.19030355021215092
SBIN,CAM_L3_LONG,40,18,0.45,-4.91268996380162e-05,-0.0032969671853677607,-0.102152466367713,0.09885549918234524
SBIN,CAM_S3_SHORT,38,18,0.4736842105263157,0.00020787496985350012,0.0066752756010868275,-0.102152466367713,0.10882774196879982
SBIN,CAM_R4_BREAKOUT_LONG,17,5,0.2941176470588235,-0.0033554156438965997,-0.05595942979418267,-0.102152466367713,0.04619303657353033
SBIN,CAM_S4_BREAKDOWN_SHORT,26,12,0.4615384615384615,-0.0008178139971046999,-0.021615650619893456,-0.102152466367713,0.08053681574781954
BHARTIARTL,STD_S1_BOUNCE_LONG,30,13,0.4333333333333333,0.0005353184673954001,0.015137341648039815,-0.0240851993446203,0.039222540992660114
BHARTIARTL,STD_R1_BOUNCE_SHORT,26,15,0.5769230769230769,0.0011440907885992,0.029318874393953864,-0.0240851993446203,0.05340407373857416
BHARTIARTL,STD_R1_BREAKOUT_LONG,18,8,0.4444444444444444,-0.0005576899282654999,-0.010335716588437571,-0.0240851993446203,0.013749482756182728
BHARTIARTL,STD_S1_BREAKDOWN_SHORT,22,11,0.5,-0.0015201340897565,-0.033270071657792166,-0.0240851993446203,-0.009184872313171867
BHARTIARTL,FIB_S1_BOUNCE_LONG,37,15,0.4054054054054054,-0.0010552841310593,-0.03880292877071623,-0.0240851993446203,-0.014717729426095928
BHARTIARTL,FIB_R1_BOUNCE_SHORT,35,22,0.6285714285714286,0.0016013553290885,0.05688199070063771,-0.0240851993446203,0.08096719004525801
BHARTIARTL,CAM_L3_LONG,43,20,0.4651162790697674,0.0004986511291086001,0.020581078320855095,-0.0240851993446203,0.044666277665475394
BHARTIARTL,CAM_S3_SHORT,43,21,0.4883720930232558,0.0011023256705710001,0.04731933004630173,-0.0240851993446203,0.07140452939092204
BHARTIARTL,CAM_R4_BREAKOUT_LONG,13,8,0.6153846153846154,0.0016101435435346,0.020958892340186885,-0.0240851993446203,0.045044091684807185
BHARTIARTL,CAM_S4_BREAKDOWN_SHORT,18,7,0.3888888888888889,-0.0033556040142813,-0.059052854518612086,-0.0240851993446203,-0.034967655173991787
LT,STD_S1_BOUNCE_LONG,31,14,0.4516129032258064,-0.0011767206879728998,-0.03694638174981946,0.0056363636363636,-0.042582745386183056
LT,STD_R1_BOUNCE_SHORT,29,18,0.6206896551724138,0.0025367793074631,0.07393347508188364,0.0056363636363636,0.06829711144552003
LT,STD_R1_BREAKOUT_LONG,27,9,0.3333333333333333,-0.0037217497712967998,-0.09777426034334613,0.0056363636363636,-0.10341062397970974
LT,STD_S1_BREAKDOWN_SHORT,26,15,0.5769230769230769,-0.0007641759796587999,-0.020389411401111168,0.0056363636363636,-0.026025775037474767
LT,FIB_S1_BOUNCE_LONG,36,18,0.5,0.0011271506867341,0.040484438904642595,0.0056363636363636,0.034848075268278995
LT,FIB_R1_BOUNCE_SHORT,33,18,0.5454545454545454,0.0024418200692465,0.08155258743842109,0.0056363636363636,0.07591622380205748
LT,CAM_L3_LONG,35,14,0.4,-4.610404374288054e-06,-0.0014185514821432044,0.0056363636363636,-0.007054915118506804
LT,CAM_S3_SHORT,35,16,0.4571428571428571,0.001048109551384,0.03493708856840905,0.0056363636363636,0.029300724932045448
LT,CAM_R4_BREAKOUT_LONG,25,9,0.36,-0.0043304991913865,-0.10435422400210825,0.0056363636363636,-0.10999058763847186
LT,CAM_S4_BREAKDOWN_SHORT,25,11,0.44,-0.0006805547095782999,-0.0177582557906939,0.0056363636363636,-0.0233946194270575
KOTAKBANK,STD_S1_BOUNCE_LONG,33,24,0.7272727272727273,0.0039282649287502,0.1368592763014096,0.0066666666666668,0.1301926096347428
KOTAKBANK,STD_R1_BOUNCE_SHORT,30,17,0.5666666666666667,0.0012323142496471,0.036169122910590934,0.0066666666666668,0.029502456243924134
KOTAKBANK,STD_R1_BREAKOUT_LONG,24,8,0.3333333333333333,-0.0040013996416555,-0.09247571058180082,0.0066666666666668,-0.09914237724846761
KOTAKBANK,STD_S1_BREAKDOWN_SHORT,21,9,0.4285714285714285,-0.0023502252122314,-0.04876688567282117,0.0066666666666668,-0.05543355233948797
KOTAKBANK,FIB_S1_BOUNCE_LONG,36,22,0.6111111111111112,0.0027884787527228,0.10472580637828499,0.0066666666666668,0.0980591397116182
KOTAKBANK,FIB_R1_BOUNCE_SHORT,37,21,0.5675675675675675,0.0014497442155163,0.05397700653455417,0.0066666666666668,0.04731033986788737
KOTAKBANK,CAM_L3_LONG,44,25,0.5681818181818182,0.0025673952565403,0.11765572329243112,0.0066666666666668,0.11098905662576433
KOTAKBANK,CAM_S3_SHORT,37,17,0.4594594594594595,0.0010292816035374001,0.037444940724405296,0.0066666666666668,0.030778274057738496
KOTAKBANK,CAM_R4_BREAKOUT_LONG,23,7,0.3043478260869565,-0.0032171117691988,-0.07205684495956532,0.0066666666666668,-0.07872351162623212
KOTAKBANK,CAM_S4_BREAKDOWN_SHORT,20,9,0.45,-0.0028896058053744,-0.05678880771633055,0.0066666666666668,-0.06345547438299734
BAJFINANCE,STD_S1_BOUNCE_LONG,32,14,0.4375,-0.0015657865218249999,-0.05042895925031465,-0.0518550661748752,0.0014261069245605495
BAJFINANCE,STD_R1_BOUNCE_SHORT,26,13,0.5,0.0004735546726459001,0.01091306499953415,-0.0518550661748752,0.06276813117440935
BAJFINANCE,STD_R1_BREAKOUT_LONG,20,14,0.7,-0.0010327036752202999,-0.02237066041515079,-0.0518550661748752,0.029484405759724414
BAJFINANCE,STD_S1_BREAKDOWN_SHORT,27,14,0.5185185185185185,0.0003486030498640001,0.008628196556923706,-0.0518550661748752,0.06048326273179891
BAJFINANCE,FIB_S1_BOUNCE_LONG,37,18,0.4864864864864865,0.00043684598896850013,0.015296189239767166,-0.0518550661748752,0.06715125541464237
BAJFINANCE,FIB_R1_BOUNCE_SHORT,34,20,0.5882352941176471,0.0028245858429126,0.09953995434925345,-0.0518550661748752,0.15139502052412865
BAJFINANCE,CAM_L3_LONG,45,20,0.4444444444444444,0.0003293906917166001,0.013023253252223421,-0.0518550661748752,0.06487831942709862
BAJFINANCE,CAM_S3_SHORT,33,16,0.4848484848484848,0.001703226993604,0.056141933357876095,-0.0518550661748752,0.1079969995327513
BAJFINANCE,CAM_R4_BREAKOUT_LONG,20,8,0.4,-0.0033545557513745,-0.06686699837083343,-0.0518550661748752,-0.015011932195958227
BAJFINANCE,CAM_S4_BREAKDOWN_SHORT,22,14,0.6363636363636364,0.0016328440187441,0.035367856584752166,-0.0518550661748752,0.08722292275962737
AXISBANK,STD_S1_BOUNCE_LONG,26,12,0.4615384615384615,-0.0008735267461340999,-0.023804170705736483,0.0271408516612072,-0.05094502236694368
AXISBANK,STD_R1_BOUNCE_SHORT,28,15,0.5357142857142857,0.0001520045838685001,0.002884179928521746,0.0271408516612072,-0.024256671732685454
AXISBANK,STD_R1_BREAKOUT_LONG,24,11,0.4583333333333333,-0.0029390391365627,-0.06910443175387204,0.0271408516612072,-0.09624528341507924
AXISBANK,STD_S1_BREAKDOWN_SHORT,23,14,0.6086956521739131,-0.0031450036891432,-0.07142877009498327,0.0271408516612072,-0.09856962175619047
AXISBANK,FIB_S1_BOUNCE_LONG,33,16,0.4848484848484848,0.0003653773164398001,0.011491207460171848,0.0271408516612072,-0.015649644201035352
AXISBANK,FIB_R1_BOUNCE_SHORT,35,17,0.4857142857142857,0.00024053464510480008,0.0073773490238095984,0.0271408516612072,-0.019763502637397602
AXISBANK,CAM_L3_LONG,40,22,0.55,0.0028656931716642,0.11981662098688806,0.0271408516612072,0.09267576932568086
AXISBANK,CAM_S3_SHORT,40,16,0.4,-0.0010052338184484999,-0.04062982051750741,0.0271408516612072,-0.0677706721787146
AXISBANK,CAM_R4_BREAKOUT_LONG,22,11,0.5,-0.0014675754246957998,-0.03249327019590553,0.0271408516612072,-0.05963412185711273
AXISBANK,CAM_S4_BREAKDOWN_SHORT,22,10,0.4545454545454545,-0.0024121921081296,-0.052794862905494844,0.0271408516612072,-0.07993571456670204
ASIANPAINT,STD_S1_BOUNCE_LONG,29,14,0.4827586206896552,0.0006399943194397001,0.017616844162198886,0.2227272727272726,-0.20511042856507372
ASIANPAINT,STD_R1_BOUNCE_SHORT,32,13,0.40625,-0.0007826450081042999,-0.026174532674077544,0.2227272727272726,-0.24890180540135015
ASIANPAINT,STD_R1_BREAKOUT_LONG,30,13,0.4333333333333333,-0.003778291686512,-0.10865015095245967,0.2227272727272726,-0.3313774236797323
ASIANPAINT,STD_S1_BREAKDOWN_SHORT,19,7,0.3684210526315789,-0.0013758305979586,-0.026257543169990405,0.2227272727272726,-0.248984815897263
ASIANPAINT,FIB_S1_BOUNCE_LONG,32,13,0.40625,-0.00015529093154421577,-0.005477897639346807,0.2227272727272726,-0.22820517036661941
ASIANPAINT,FIB_R1_BOUNCE_SHORT,35,14,0.4,-8.454930174109407e-05,-0.004004248617867301,0.2227272727272726,-0.2267315213451399
ASIANPAINT,CAM_L3_LONG,33,17,0.5151515151515151,0.0002683680299161001,0.008190121133695438,0.2227272727272726,-0.21453715159357717
ASIANPAINT,CAM_S3_SHORT,41,16,0.3902439024390244,-0.0001875439009469999,-0.008997559704484903,0.2227272727272726,-0.2317248324317575
ASIANPAINT,CAM_R4_BREAKOUT_LONG,25,9,0.36,-0.0036109461831179,-0.08706706790028929,0.2227272727272726,-0.3097943406275619
ASIANPAINT,CAM_S4_BREAKDOWN_SHORT,15,7,0.4666666666666667,-0.0004112183442677999,-0.006479398619672061,0.2227272727272726,-0.22920667134694467
MARUTI,STD_S1_BOUNCE_LONG,30,14,0.4666666666666667,0.0014173046819019,0.04143737515265067,-0.0479710144927536,0.08940838964540426
MARUTI,STD_R1_BOUNCE_SHORT,27,17,0.6296296296296297,0.0028870081414080003,0.07939185512745794,-0.0479710144927536,0.12736286962021154
MARUTI,STD_R1_BREAKOUT_LONG,20,7,0.35,-0.0062800415414342,-0.11938153470812274,-0.0479710144927536,-0.07141052021536914
MARUTI,STD_S1_BREAKDOWN_SHORT,23,10,0.4347826086956521,-0.0035721640258098,-0.0797704561018795,-0.0479710144927536,-0.03179944160912589
MARUTI,FIB_S1_BOUNCE_LONG,33,14,0.4242424242424242,0.0003327419388418001,0.010109240698688682,-0.0479710144927536,0.05808025519144228
MARUTI,FIB_R1_BOUNCE_SHORT,37,22,0.5945945945945946,0.00313137201309,0.120568164325769,-0.0479710144927536,0.1685391788185226
MARUTI,CAM_L3_LONG,39,17,0.4358974358974359,0.0008859023700220001,0.03329044337291487,-0.0479710144927536,0.08126145786566846
MARUTI,CAM_S3_SHORT,44,25,0.5681818181818182,0.003797777866958,0.17886824687685987,-0.0479710144927536,0.22683926136961347
MARUTI,CAM_R4_BREAKOUT_LONG,19,3,0.1578947368421052,-0.0056275754180283,-0.10226695422084686,-0.0479710144927536,-0.05429593972809326
MARUTI,CAM_S4_BREAKDOWN_SHORT,21,6,0.2857142857142857,-0.0013676396008019999,-0.0290923780897705,-0.0479710144927536,0.018878636402983102
HCLTECH,STD_S1_BOUNCE_LONG,30,19,0.6333333333333333,0.0033725687510515,0.10376731749778711,-0.1624812030075187,0.2662485205053058
HCLTECH,STD_R1_BOUNCE_SHORT,23,13,0.5652173913043478,0.00042021337697510007,0.00873849306236818,-0.1624812030075187,0.17121969606988688
HCLTECH,STD_R1_BREAKOUT_LONG,21,5,0.238095238095238,-0.0046348845046329,-0.09350792386843532,-0.1624812030075187,0.06897327913908338
HCLTECH,STD_S1_BREAKDOWN_SHORT,20,6,0.3,-0.0070679819961745995,-0.1351477094945217,-0.1624812030075187,0.027333493512996992
HCLTECH,FIB_S1_BOUNCE_LONG,42,24,0.5714285714285714,0.0026604245058826,0.1156914802413953,-0.1624812030075187,0.278172683248914
HCLTECH,FIB_R1_BOUNCE_SHORT,31,15,0.4838709677419355,0.0012422748281848,0.038259737021889784,-0.1624812030075187,0.20074094002940848
HCLTECH,CAM_L3_LONG,43,20,0.4651162790697674,0.00168190819448,0.07226207193019829,-0.1624812030075187,0.234743274937717
HCLTECH,CAM_S3_SHORT,39,21,0.5384615384615384,0.0022299168381383003,0.08892314599592299,-0.1624812030075187,0.25140434900344166
HCLTECH,CAM_R4_BREAKOUT_LONG,19,7,0.3684210526315789,-0.0038853496331567997,-0.07174190513329792,-0.1624812030075187,0.09073929787422078
HCLTECH,CAM_S4_BREAKDOWN_SHORT,17,7,0.4117647058823529,-0.0046019984043358,-0.0781578043845571,-0.1624812030075187,0.08432339862296159
SUNPHARMA,STD_S1_BOUNCE_LONG,28,17,0.6071428571428571,0.0006601362588868001,0.01784683040635815,0.0147216425066274,0.0031251878997307497
SUNPHARMA,STD_R1_BOUNCE_SHORT,29,17,0.5862068965517241,0.0015119710578898001,0.04371165403931254,0.0147216425066274,0.028990011532685142
SUNPHARMA,STD_R1_BREAKOUT_LONG,22,10,0.4545454545454545,-0.0012870280530921,-0.028356359235640394,0.0147216425066274,-0.043078001742267794
SUNPHARMA,STD_S1_BREAKDOWN_SHORT,19,8,0.4210526315789473,-0.0028799685433687,-0.05389740765002571,0.0147216425066274,-0.06861905015665311
SUNPHARMA,FIB_S1_BOUNCE_LONG,34,17,0.5,0.0007065518236078,0.02365939730738731,0.0147216425066274,0.008937754800759909
SUNPHARMA,FIB_R1_BOUNCE_SHORT,34,19,0.5588235294117647,0.0011659687731258,0.03984455462788339,0.0147216425066274,0.02512291212125599
SUNPHARMA,CAM_L3_LONG,44,20,0.4545454545454545,0.0005843261693684001,0.02465878800896193,0.0147216425066274,0.00993714550233453
SUNPHARMA,CAM_S3_SHORT,39,20,0.5128205128205128,0.0008246925160544001,0.03159774880676336,0.0147216425066274,0.01687610630013596
SUNPHARMA,CAM_R4_BREAKOUT_LONG,22,10,0.4545454545454545,-0.0010857742996768,-0.023954326185467556,0.0147216425066274,-0.038675968692094956
SUNPHARMA,CAM_S4_BREAKDOWN_SHORT,17,7,0.4117647058823529,-0.0011454414781516,-0.019773404064668876,0.0147216425066274,-0.034495046571296276
ULTRACEMCO,STD_S1_BOUNCE_LONG,29,14,0.4827586206896552,-0.0014560184766644,-0.04197607009152349,-0.0778514363420024,0.03587536625047891
ULTRACEMCO,STD_R1_BOUNCE_SHORT,29,13,0.4482758620689655,0.0012098185111058001,0.034138162844813635,-0.0778514363420024,0.11198959918681603
ULTRACEMCO,STD_R1_BREAKOUT_LONG,22,12,0.5454545454545454,-0.0014738005529100998,-0.033057556346379746,-0.0778514363420024,0.04479387999562265
ULTRACEMCO,STD_S1_BREAKDOWN_SHORT,26,11,0.4230769230769231,-0.0023898473373786997,-0.06078855706055297,-0.0778514363420024,0.017062879281449422
ULTRACEMCO,FIB_S1_BOUNCE_LONG,33,14,0.4242424242424242,-0.0005523974720858999,-0.018579291692681466,-0.0778514363420024,0.05927214464932093
ULTRACEMCO,FIB_R1_BOUNCE_SHORT,33,16,0.4848484848484848,0.0011854271899834,0.03840645005432797,-0.0778514363420024,0.11625788639633036
ULTRACEMCO,CAM_L3_LONG,35,7,0.2,-0.0033814430965046,-0.11220853635935746,-0.0778514363420024,-0.03435710001735506
ULTRACEMCO,CAM_S3_SHORT,38,13,0.3421052631578947,-0.0006473127796808999,-0.02558837721218965,-0.0778514363420024,0.052263059129812744
ULTRACEMCO,CAM_R4_BREAKOUT_LONG,20,10,0.5,-0.0022479774887405,-0.044959911878832304,-0.0778514363420024,0.03289152446317009
ULTRACEMCO,CAM_S4_BREAKDOWN_SHORT,23,11,0.4782608695652174,-0.0018936491632527998,-0.04318506221580076,-0.0778514363420024,0.03466637412620163
TITAN,STD_S1_BOUNCE_LONG,35,16,0.4571428571428571,-0.0003764215781634999,-0.014877891508875862,-0.0310096153846153,0.016131723875739436
TITAN,STD_R1_BOUNCE_SHORT,25,12,0.48,-0.0006767167924249999,-0.017914835437561005,-0.0310096153846153,0.013094779947054293
TITAN,STD_R1_BREAKOUT_LONG,16,8,0.5,-0.0031878445429413,-0.0511086535237234,-0.0310096153846153,-0.020099038139108103
TITAN,STD_S1_BREAKDOWN_SHORT,30,12,0.4,-0.0028082066964816,-0.081962454019468,-0.0310096153846153,-0.0509528386348527
TITAN,FIB_S1_BOUNCE_LONG,39,17,0.4358974358974359,-0.0013402754401176998,-0.05178674170523567,-0.0310096153846153,-0.020777126320620374
TITAN,FIB_R1_BOUNCE_SHORT,30,13,0.4333333333333333,-0.0007695065383379999,-0.023492470416986655,-0.0310096153846153,0.007517144967628644
TITAN,CAM_L3_LONG,45,20,0.4444444444444444,0.00024018036157010008,0.009372843101743689,-0.0310096153846153,0.04038245848635899
TITAN,CAM_S3_SHORT,41,21,0.5121951219512195,0.001306465657547,0.05370228037541214,-0.0310096153846153,0.08471189576002744
TITAN,CAM_R4_BREAKOUT_LONG,15,7,0.4666666666666667,-0.0022047591462141,-0.03392156152067871,-0.0310096153846153,-0.0029119461360634126
TITAN,CAM_S4_BREAKDOWN_SHORT,26,15,0.5769230769230769,-0.0011738431369666999,-0.030816628831515813,-0.0310096153846153,0.0001929865530994855
NESTLEIND,STD_S1_BOUNCE_LONG,21,12,0.5714285714285714,0.001466150993384,0.03049249580273017,0.1572942135289323,-0.12680171772620213
NESTLEIND,STD_R1_BOUNCE_SHORT,31,19,0.6129032258064516,0.0022565807355091,0.07149492862600204,0.1572942135289323,-0.08579928490293026
NESTLEIND,STD_R1_BREAKOUT_LONG,24,8,0.3333333333333333,-0.0037379481433835998,-0.0865187594726281,0.1572942135289323,-0.2438129730015604
NESTLEIND,STD_S1_BREAKDOWN_SHORT,15,7,0.4666666666666667,-0.0020146487945750997,-0.030319055321252897,0.1572942135289323,-0.1876132688501852
NESTLEIND,FIB_S1_BOUNCE_LONG,35,25,0.7142857142857143,0.0032899538527022,0.12117872003206775,0.1572942135289323,-0.03611549349686455
NESTLEIND,FIB_R1_BOUNCE_SHORT,40,16,0.4,1.774747353520999e-05,-5.567053214494688e-05,0.1572942135289323,-0.15734988406107725
NESTLEIND,CAM_L3_LONG,38,20,0.5263157894736842,0.0013961433362372,0.05343906042319513,0.1572942135289323,-0.10385515310573717
NESTLEIND,CAM_S3_SHORT,49,18,0.3673469387755102,0.0004133302738176001,0.01891340696700783,0.1572942135289323,-0.13838080656192447
NESTLEIND,CAM_R4_BREAKOUT_LONG,21,5,0.238095238095238,-0.0027521058442965,-0.05657841842158329,0.1572942135289323,-0.2138726319505156
NESTLEIND,CAM_S4_BREAKDOWN_SHORT,12,5,0.4166666666666667,-0.0017800993514395,-0.021365614976049496,0.1572942135289323,-0.1786598285049818
WIPRO,STD_S1_BOUNCE_LONG,28,14,0.5,-0.0005403609687991999,-0.017542796869350674,-0.0850515463917526,0.06750874952240192
WIPRO,STD_R1_BOUNCE_SHORT,25,12,0.48,0.0010182518956941,0.024494595963146182,-0.0850515463917526,0.10954614235489878
WIPRO,STD_R1_BREAKOUT_LONG,20,10,0.5,-0.0003388594542058999,-0.007272932539854282,-0.0850515463917526,0.07777861385189831
WIPRO,STD_S1_BREAKDOWN_SHORT,21,11,0.5238095238095238,-0.0016590997948683,-0.03541007461200907,-0.0850515463917526,0.049641471779743526
WIPRO,FIB_S1_BOUNCE_LONG,37,19,0.5135135135135135,0.0014833980339076002,0.05420030797788078,-0.0850515463917526,0.1392518543696334
WIPRO,FIB_R1_BOUNCE_SHORT,28,15,0.5357142857142857,0.002029780031891,0.05759978575338587,-0.0850515463917526,0.14265133214513848
WIPRO,CAM_L3_LONG,36,15,0.4166666666666667,0.0013022279514556,0.045537059340548636,-0.0850515463917526,0.13058860573230124
WIPRO,CAM_S3_SHORT,39,20,0.5128205128205128,0.0025951845344918,0.10478072525895343,-0.0850515463917526,0.18983227165070604
WIPRO,CAM_R4_BREAKOUT_LONG,20,8,0.4,-0.0021685218193532997,-0.042915786214261176,-0.0850515463917526,0.04213576017749142
WIPRO,CAM_S4_BREAKDOWN_SHORT,18,7,0.3888888888888889,-0.0010591305263512,-0.019783893043293865,-0.0850515463917526,0.06526765334845873
ONGC,STD_S1_BOUNCE_LONG,27,12,0.4444444444444444,-0.0029954722450333997,-0.0787691402509807,-0.1262975778546713,0.047528437603690604
ONGC,STD_R1_BOUNCE_SHORT,23,15,0.6521739130434783,0.0034527698070702002,0.08150481114376307,-0.1262975778546713,0.20780238899843437
ONGC,STD_R1_BREAKOUT_LONG,14,5,0.3571428571428571,-0.0038854139566041,-0.053712072903905006,-0.1262975778546713,0.0725855049507663
ONGC,STD_S1_BREAKDOWN_SHORT,21,15,0.7142857142857143,0.0016051206793384,0.03368612663477366,-0.1262975778546713,0.15998370448944496
ONGC,FIB_S1_BOUNCE_LONG,41,22,0.5365853658536586,0.0009851688381214,0.040155803598091344,-0.1262975778546713,0.16645338145276264
ONGC,FIB_R1_BOUNCE_SHORT,31,14,0.4516129032258064,0.0001903159065796001,0.005181345338337584,-0.1262975778546713,0.13147892319300888
ONGC,CAM_L3_LONG,40,17,0.425,2.976569557725794e-05,-0.0002733089095633412,-0.1262975778546713,0.12602426894510796
ONGC,CAM_S3_SHORT,41,23,0.5609756097560976,0.0024430635624974003,0.10399024192212059,-0.1262975778546713,0.23028781977679189
ONGC,CAM_R4_BREAKOUT_LONG,13,3,0.2307692307692307,-0.0047942782110888,-0.06101894129290608,-0.1262975778546713,0.06527863656176522
ONGC,CAM_S4_BREAKDOWN_SHORT,20,10,0.5,0.0004086175077061001,0.007682894224535275,-0.1262975778546713,0.13398047207920658
NTPC,STD_S1_BOUNCE_LONG,29,15,0.5172413793103449,-0.0005562552744502999,-0.017045792398675097,-0.0563002680965147,0.0392544756978396
NTPC,STD_R1_BOUNCE_SHORT,28,15,0.5357142857142857,0.0006630949143343001,0.017768831439910926,-0.0563002680965147,0.07406909953642563
NTPC,STD_R1_BREAKOUT_LONG,21,6,0.2857142857142857,-0.0029644539877653,-0.060964103769346134,-0.0563002680965147,-0.0046638356728314345
NTPC,STD_S1_BREAKDOWN_SHORT,23,12,0.5217391304347826,-0.0010747780820578,-0.02514022095495605,-0.0563002680965147,0.03116004714155865
NTPC,FIB_S1_BOUNCE_LONG,34,12,0.3529411764705882,-0.0014181604458576998,-0.04783095613099597,-0.0563002680965147,0.008469311965518728
NTPC,FIB_R1_BOUNCE_SHORT,35,19,0.5428571428571428,0.0018301963099676,0.06527323979355182,-0.0563002680965147,0.12157350789006652
NTPC,CAM_L3_LONG,43,20,0.4651162790697674,0.0002594265936730001,0.009429474894645296,-0.0563002680965147,0.06572974299116
NTPC,CAM_S3_SHORT,46,28,0.6086956521739131,0.0027540942172589,0.13313068123198368,-0.0563002680965147,0.18943094932849838
NTPC,CAM_R4_BREAKOUT_LONG,18,4,0.2222222222222222,-0.0032310172908707,-0.056922940056663984,-0.0563002680965147,-0.0006226719601492847
NTPC,CAM_S4_BREAKDOWN_SHORT,20,8,0.4,-0.0022850977191463,-0.04535348962485486,-0.0563002680965147,0.01094677847165984
POWERGRID,STD_S1_BOUNCE_LONG,25,15,0.6,0.0029373864478215,0.07463945436662534,0.0052539404553415,0.06938551391128384
POWERGRID,STD_R1_BOUNCE_SHORT,29,21,0.7241379310344828,0.0059964687782706,0.1876990081262384,0.0052539404553415,0.1824450676708969
POWERGRID,STD_R1_BREAKOUT_LONG,23,9,0.391304347826087,-0.0046761731858739,-0.1027587233282028,0.0052539404553415,-0.1080126637835443
POWERGRID,STD_S1_BREAKDOWN_SHORT,19,9,0.4736842105263157,-0.0045989601335452,-0.08482396510291268,0.0052539404553415,-0.09007790555825418
POWERGRID,FIB_S1_BOUNCE_LONG,34,17,0.5,0.0005987335295599001,0.019620654858750086,0.0052539404553415,0.014366714403408587
POWERGRID,FIB_R1_BOUNCE_SHORT,39,19,0.4871794871794871,0.0018891543209655001,0.07530436179113975,0.0052539404553415,0.07005042133579825
POWERGRID,CAM_L3_LONG,42,20,0.4761904761904761,0.0018157115456780002,0.07733104312036598,0.0052539404553415,0.07207710266502448
POWERGRID,CAM_S3_SHORT,40,20,0.5,0.0016888245435662,0.06828550409348044,0.0052539404553415,0.06303156363813894
POWERGRID,CAM_R4_BREAKOUT_LONG,17,6,0.3529411764705882,-0.0033376125757192997,-0.055497919982383626,0.0052539404553415,-0.060751860437725125
POWERGRID,CAM_S4_BREAKDOWN_SHORT,18,4,0.2222222222222222,-0.0048328113027972,-0.08400500547680645,0.0052539404553415,-0.08925894593214795
M&M,STD_S1_BOUNCE_LONG,31,14,0.4516129032258064,4.3349496533000095e-05,-0.0008579000283271965,-0.0748615384615385,0.0740036384332113
M&M,STD_R1_BOUNCE_SHORT,27,10,0.3703703703703703,-0.0025952361493145,-0.0691024541983265,-0.0748615384615385,0.0057590842632119915
M&M,STD_R1_BREAKOUT_LONG,23,13,0.5652173913043478,-0.0007845523526757999,-0.01919307088255362,-0.0748615384615385,0.05566846757898487
M&M,STD_S1_BREAKDOWN_SHORT,28,13,0.4642857142857143,-0.0017932248789769999,-0.05009242328940888,-0.0748615384615385,0.02476911517212961
M&M,FIB_S1_BOUNCE_LONG,37,21,0.5675675675675675,0.0024744424552048,0.09456904954293033,-0.0748615384615385,0.1694305880044688
M&M,FIB_R1_BOUNCE_SHORT,32,15,0.46875,0.0009893670397178001,0.0309273085341375,-0.0748615384615385,0.10578884699567599
M&M,CAM_L3_LONG,42,22,0.5238095238095238,0.0020455987904836,0.0874735856114206,-0.0748615384615385,0.16233512407295908
M&M,CAM_S3_SHORT,35,17,0.4857142857142857,0.0015391302451563,0.053241200551152223,-0.0748615384615385,0.1281027390126907
M&M,CAM_R4_BREAKOUT_LONG,23,13,0.5652173913043478,-0.0010428812295003,-0.024819864406298353,-0.0748615384615385,0.05004167405524014
M&M,CAM_S4_BREAKDOWN_SHORT,27,10,0.3703703703703703,-0.0017504694843299999,-0.047196337159796764,-0.0748615384615385,0.02766520130174173
JSWSTEEL,STD_S1_BOUNCE_LONG,28,17,0.6071428571428571,0.0010945140848401,0.02958695995131655,0.0640066500415628,-0.034419690090246244
JSWSTEEL,STD_R1_BOUNCE_SHORT,31,13,0.4193548387096774,-0.0010547272394386,-0.033336777330455925,0.0640066500415628,-0.09734342737201872
JSWSTEEL,STD_R1_BREAKOUT_LONG,26,14,0.5384615384615384,-0.0008947528486120999,-0.023764226753670736,0.0640066500415628,-0.08777087679523353
JSWSTEEL,STD_S1_BREAKDOWN_SHORT,24,12,0.5,-0.0017050344695474999,-0.04099482855435921,0.0640066500415628,-0.105001478595922
JSWSTEEL,FIB_S1_BOUNCE_LONG,29,8,0.2758620689655172,-0.0028826878556922,-0.08076945314421746,0.0640066500415628,-0.14477610318578027
JSWSTEEL,FIB_R1_BOUNCE_SHORT,38,21,0.5526315789473685,0.0003445698776128001,0.012383189830550867,0.0640066500415628,-0.051623460211011926
JSWSTEEL,CAM_L3_LONG,35,16,0.4571428571428571,-0.00018249002716539992,-0.007485822814762733,0.0640066500415628,-0.07149247285632553
JSWSTEEL,CAM_S3_SHORT,43,17,0.3953488372093023,-0.0011271894454424,-0.0484125058651359,0.0640066500415628,-0.1124191559066987
JSWSTEEL,CAM_R4_BREAKOUT_LONG,25,10,0.4,-0.0027537167877047,-0.06718162371517944,0.0640066500415628,-0.13118827375674225
JSWSTEEL,CAM_S4_BREAKDOWN_SHORT,18,11,0.6111111111111112,0.0007471421161027001,0.013068520031075614,0.0640066500415628,-0.05093813001048718
TATASTEEL,STD_S1_BOUNCE_LONG,26,11,0.4230769230769231,-0.0012408779991638,-0.032727211901051545,0.0253295425174464,-0.05805675441849795
TATASTEEL,STD_R1_BOUNCE_SHORT,29,18,0.6206896551724138,0.0007541901878861001,0.020976422506154613,0.0253295425174464,-0.004353120011291789
TATASTEEL,STD_R1_BREAKOUT_LONG,23,8,0.3478260869565217,-0.0034179345844744997,-0.07639030792701462,0.0253295425174464,-0.10171985044446102
TATASTEEL,STD_S1_BREAKDOWN_SHORT,23,10,0.4347826086956521,-0.0027224183195831,-0.06135558131055663,0.0253295425174464,-0.08668512382800303
TATASTEEL,FIB_S1_BOUNCE_LONG,31,14,0.4516129032258064,0.0010419659785926001,0.031948429177755644,0.0253295425174464,0.006618886660309242
TATASTEEL,FIB_R1_BOUNCE_SHORT,33,14,0.4242424242424242,0.0005500288320933001,0.017366550797319524,0.0253295425174464,-0.007962991720126877
TATASTEEL,CAM_L3_LONG,35,15,0.4285714285714285,0.0004247892908968001,0.013833098186979642,0.0253295425174464,-0.01149644433046676
TATASTEEL,CAM_S3_SHORT,40,18,0.45,0.0005493690949254001,0.021254121646649304,0.0253295425174464,-0.004075420870797097
TATASTEEL,CAM_R4_BREAKOUT_LONG,23,9,0.391304347826087,-0.0033273606932721,-0.07438786652261353,0.0253295425174464,-0.09971740904005993
TATASTEEL,CAM_S4_BREAKDOWN_SHORT,21,12,0.5714285714285714,-0.0007340855680816999,-0.015753285042608423,0.0253295425174464,-0.041082827560054824
COALINDIA,STD_S1_BOUNCE_LONG,25,14,0.56,0.0030286854390574,0.07729603679069119,0.0159453302961276,0.06135070649456359
COALINDIA,STD_R1_BOUNCE_SHORT,28,15,0.5357142857142857,0.0006448073046859,0.016542975797517956,0.0159453302961276,0.0005976455013903571
COALINDIA,STD_R1_BREAKOUT_LONG,23,12,0.5217391304347826,-0.0015686407905184,-0.03616660222091406,0.0159453302961276,-0.05211193251704166
COALINDIA,STD_S1_BREAKDOWN_SHORT,19,9,0.4736842105263157,0.0001753801674324001,0.002857504721370585,0.0159453302961276,-0.013087825574757014
COALINDIA,FIB_S1_BOUNCE_LONG,33,19,0.5757575757575758,0.0025261073882829003,0.084895910493195,0.0159453302961276,0.0689505801970674
COALINDIA,FIB_R1_BOUNCE_SHORT,35,17,0.4857142857142857,0.0009773325890786002,0.033464902842079924,0.0159453302961276,0.017519572545952326
COALINDIA,CAM_L3_LONG,36,21,0.5833333333333334,0.0040103736524932,0.15288773615809692,0.0159453302961276,0.13694240586196932
COALINDIA,CAM_S3_SHORT,45,19,0.4222222222222222,0.0006581292747695001,0.028014554658040147,0.0159453302961276,0.012069224361912548
COALINDIA,CAM_R4_BREAKOUT_LONG,20,7,0.35,-0.0031295912462636,-0.061090326695224406,0.0159453302961276,-0.07703565699135201
COALINDIA,CAM_S4_BREAKDOWN_SHORT,14,6,0.4285714285714285,-0.0006645408079976999,-0.009991298861663611,0.0159453302961276,-0.02593662915779121
INDUSINDBK,STD_S1_BOUNCE_LONG,30,15,0.5,-0.0007827690897358,-0.02545311020689367,-0.0082313681868743,-0.01722174202001937
INDUSINDBK,STD_R1_BOUNCE_SHORT,29,14,0.4827586206896552,-0.0011431283897445,-0.03372700454545596,-0.0082313681868743,-0.025495636358581663
INDUSINDBK,STD_R1_BREAKOUT_LONG,22,8,0.3636363636363636,-0.0037671604052937997,-0.08043395068180914,-0.0082313681868743,-0.07220258249493484
INDUSINDBK,STD_S1_BREAKDOWN_SHORT,24,13,0.5416666666666666,-0.0008626973201585999,-0.021551735618227874,-0.0082313681868743,-0.013320367431353574
INDUSINDBK,FIB_S1_BOUNCE_LONG,35,18,0.5142857142857142,0.0005887186869928001,0.01942527929174953,-0.0082313681868743,0.02765664747862383
INDUSINDBK,FIB_R1_BOUNCE_SHORT,34,13,0.3823529411764705,-0.0008254990510771999,-0.02857072321871379,-0.0082313681868743,-0.02033935503183949
INDUSINDBK,CAM_L3_LONG,42,17,0.4047619047619047,-0.001037711805381,-0.04436836266517752,-0.0082313681868743,-0.03613699447830322
INDUSINDBK,CAM_S3_SHORT,38,16,0.4210526315789473,-8.797565898853613e-05,-0.0047460619929294845,-0.0082313681868743,0.0034853061939448156
INDUSINDBK,CAM_R4_BREAKOUT_LONG,20,9,0.45,-0.0018864353916981998,-0.03783727857881003,-0.0082313681868743,-0.02960591039193573
INDUSINDBK,CAM_S4_BREAKDOWN_SHORT,22,15,0.6818181818181818,0.0021359499583435003,0.04705397379810239,-0.0082313681868743,0.055285341984976685
BAJAJFINSV,STD_S1_BOUNCE_LONG,35,12,0.3428571428571428,-0.002771276414042,-0.09357873052593935,-0.1020607906040997,0.008482060078160353
BAJAJFINSV,STD_R1_BOUNCE_SHORT,24,13,0.5416666666666666,-0.0008088452505157999,-0.019999627696449584,-0.1020607906040997,0.08206116290765011
BAJAJFINSV,STD_R1_BREAKOUT_LONG,23,7,0.3043478260869565,-0.0050897330157084995,-0.11166175140939338,-0.1020607906040997,-0.009600960805293685
BAJAJFINSV,STD_S1_BREAKDOWN_SHORT,27,13,0.4814814814814814,-0.0006177294219206999,-0.017083388221676654,-0.1020607906040997,0.08497740238242305
BAJAJFINSV,FIB_S1_BOUNCE_LONG,37,10,0.2702702702702703,-0.0017721933103232,-0.06404210885907902,-0.1020607906040997,0.03801868174502068
BAJAJFINSV,FIB_R1_BOUNCE_SHORT,37,23,0.6216216216216216,0.0026246734483663,0.10081412615538543,-0.1020607906040997,0.20287491675948513
BAJAJFINSV,CAM_L3_LONG,45,19,0.4222222222222222,-0.0002221082210956999,-0.011086642869607033,-0.1020607906040997,0.09097414773449267
BAJAJFINSV,CAM_S3_SHORT,38,18,0.4736842105263157,0.0012729436569477001,0.04817264777993446,-0.1020607906040997,0.15023343838403416
BAJAJFINSV,CAM_R4_BREAKOUT_LONG,19,7,0.3684210526315789,-0.0047186483796385,-0.08656388077553412,-0.1020607906040997,0.01549690982856558
BAJAJFINSV,CAM_S4_BREAKDOWN_SHORT,23,13,0.5652173913043478,-0.0013035266255498998,-0.030108999455469743,-0.1020607906040997,0.07195179114862996
HDFCLIFE,STD_S1_BOUNCE_LONG,32,13,0.40625,-0.0012954077220995,-0.041810372509061944,-0.1679389312977098,0.12612855878864784
HDFCLIFE,STD_R1_BOUNCE_SHORT,27,15,0.5555555555555556,0.0002901535575286001,0.006421220080344181,-0.1679389312977098,0.17436015137805397
HDFCLIFE,STD_R1_BREAKOUT_LONG,21,11,0.5238095238095238,-0.0027245723679535,-0.05676069390496841,-0.1679389312977098,0.11117823739274138
HDFCLIFE,STD_S1_BREAKDOWN_SHORT,28,14,0.5,-0.0014865066480542,-0.041769459002135134,-0.1679389312977098,0.12616947229557465
HDFCLIFE,FIB_S1_BOUNCE_LONG,38,13,0.3421052631578947,-0.0008879674119268998,-0.03418486194036119,-0.1679389312977098,0.1337540693573486
HDFCLIFE,FIB_R1_BOUNCE_SHORT,29,13,0.4482758620689655,0.0005162104790283001,0.014374179601208015,-0.1679389312977098,0.1823131108989178
HDFCLIFE,CAM_L3_LONG,42,15,0.3571428571428571,-0.0016907303591205999,-0.06949420700170905,-0.1679389312977098,0.09844472429600074
HDFCLIFE,CAM_S3_SHORT,33,13,0.3939393939393939,-0.0001576224109106014,-0.006625073553770733,-0.1679389312977098,0.16131385774393905
HDFCLIFE,CAM_R4_BREAKOUT_LONG,21,7,0.3333333333333333,-0.0022743724115499,-0.04746672375783412,-0.1679389312977098,0.12047220753987567
HDFCLIFE,CAM_S4_BREAKDOWN_SHORT,24,10,0.4166666666666667,-0.0021985753711129,-0.05224946501425942,-0.1679389312977098,0.11568946628345037
GRASIM,STD_S1_BOUNCE_LONG,25,11,0.44,-0.0023197831629803998,-0.057041343171375436,0.1620910116585181,-0.21913235482989354
GRASIM,STD_R1_BOUNCE_SHORT,32,22,0.6875,0.0029148401468239,0.09643612532813362,0.1620910116585181,-0.0656548863303845
GRASIM,STD_R1_BREAKOUT_LONG,29,13,0.4482758620689655,-0.0025517030215291,-0.0722379887090121,0.1620910116585181,-0.2343290003675302
GRASIM,STD_S1_BREAKDOWN_SHORT,22,9,0.4090909090909091,-0.0036065652832592,-0.07688591309628767,0.1620910116585181,-0.23897692475480578
GRASIM,FIB_S1_BOUNCE_LONG,27,9,0.3333333333333333,-0.0010780337934536998,-0.029028921687281994,0.1620910116585181,-0.1911199333458001
GRASIM,FIB_R1_BOUNCE_SHORT,40,18,0.45,0.0006261052255082001,0.02430465695720474,0.1620910116585181,-0.13778635470131337
GRASIM,CAM_L3_LONG,37,18,0.4864864864864865,0.0013377832501362,0.049540778613619496,0.1620910116585181,-0.11255023304489861
GRASIM,CAM_S3_SHORT,42,18,0.4285714285714285,-0.00017041468435959989,-0.00824307215813147,0.1620910116585181,-0.17033408381664958
GRASIM,CAM_R4_BREAKOUT_LONG,26,10,0.3846153846153846,-0.0012801280633808,-0.03358262029351411,0.1620910116585181,-0.19567363195203222
GRASIM,CAM_S4_BREAKDOWN_SHORT,19,6,0.3157894736842105,-0.0019664723127006,-0.03711650738743755,0.1620910116585181,-0.19920751904595566
ADANIENT,STD_S1_BOUNCE_LONG,26,15,0.5769230769230769,0.0008856966479394001,0.02154606968532491,0.4677078085642319,-0.446161738878907
ADANIENT,STD_R1_BOUNCE_SHORT,33,17,0.5151515151515151,0.0020636486284645,0.06596556809819143,0.4677078085642319,-0.40174224046604046
ADANIENT,STD_R1_BREAKOUT_LONG,26,16,0.6153846153846154,0.0016976486876337001,0.04347096267369377,0.4677078085642319,-0.4242368458905381
ADANIENT,STD_S1_BREAKDOWN_SHORT,17,8,0.4705882352941176,-0.0021780489078393,-0.037141640483347005,0.4677078085642319,-0.5048494490475789
ADANIENT,FIB_S1_BOUNCE_LONG,31,17,0.5483870967741935,0.0020881038188267,0.06593522798157037,0.4677078085642319,-0.4017725805826615
ADANIENT,FIB_R1_BOUNCE_SHORT,38,19,0.5,0.0008705829699096001,0.031067259389572888,0.4677078085642319,-0.436640549174659
ADANIENT,CAM_L3_LONG,38,17,0.4473684210526316,0.0016521297316903002,0.06181795016248337,0.4677078085642319,-0.4058898584017485
ADANIENT,CAM_S3_SHORT,43,22,0.5116279069767442,0.0028511594269791,0.1254141566949687,0.4677078085642319,-0.3422936518692632
ADANIENT,CAM_R4_BREAKOUT_LONG,24,17,0.7083333333333334,0.0025916355704414,0.06237239097842351,0.4677078085642319,-0.4053354175858084
ADANIENT,CAM_S4_BREAKDOWN_SHORT,15,5,0.3333333333333333,-0.0047225826204295,-0.06940468667726485,0.4677078085642319,-0.5371124952414967
ADANIPORTS,STD_S1_BOUNCE_LONG,24,14,0.5833333333333334,0.0027951205636541003,0.06822663753795988,0.2755160142348754,-0.2072893766969155
ADANIPORTS,STD_R1_BOUNCE_SHORT,35,15,0.4285714285714285,-1.2449246910144974e-05,-0.003198496686185992,0.2755160142348754,-0.27871451092106136
ADANIPORTS,STD_R1_BREAKOUT_LONG,31,19,0.6129032258064516,-0.0019441701837373,-0.06086064578546424,0.2755160142348754,-0.3363766600203396
ADANIPORTS,STD_S1_BREAKDOWN_SHORT,19,6,0.3157894736842105,-0.0048817173359574995,-0.08981045475749072,0.2755160142348754,-0.3653264689923661
ADANIPORTS,FIB_S1_BOUNCE_LONG,27,10,0.3703703703703703,-0.0006908307104412999,-0.019213247455494686,0.2755160142348754,-0.29472926169037006
ADANIPORTS,FIB_R1_BOUNCE_SHORT,41,21,0.5121951219512195,0.0018328185766535,0.07567468491354434,0.2755160142348754,-0.19984132932133103
ADANIPORTS,CAM_L3_LONG,34,11,0.3235294117647059,-0.0012486767308138998,-0.0428126546928288,0.2755160142348754,-0.3183286689277042
ADANIPORTS,CAM_S3_SHORT,42,20,0.4761904761904761,0.0016319290463083001,0.06774379881064352,0.2755160142348754,-0.20777221542423185
ADANIPORTS,CAM_R4_BREAKOUT_LONG,30,14,0.4666666666666667,-0.0029734068531353,-0.08740084342899301,0.2755160142348754,-0.3629168576638684
ADANIPORTS,CAM_S4_BREAKDOWN_SHORT,17,7,0.4117647058823529,-0.0038470419831541,-0.06449196856670247,0.2755160142348754,-0.34000798280157785
DRREDDY,STD_S1_BOUNCE_LONG,34,16,0.4705882352941176,0.0006591178820596001,0.021398679329340364,-0.0060676779463243,0.027466357275664665
DRREDDY,STD_R1_BOUNCE_SHORT,28,19,0.6785714285714286,0.0024835202060861,0.07091328450497181,-0.0060676779463243,0.07698096245129611
DRREDDY,STD_R1_BREAKOUT_LONG,19,6,0.3157894736842105,-0.0035958292753683,-0.06690527525510837,-0.0060676779463243,-0.06083759730878407
DRREDDY,STD_S1_BREAKDOWN_SHORT,29,8,0.2758620689655172,-0.0044293342967433,-0.12154444607978176,-0.0060676779463243,-0.11547676813345746
DRREDDY,FIB_S1_BOUNCE_LONG,37,12,0.3243243243243243,-0.0015401009093438999,-0.05599395785461292,-0.0060676779463243,-0.04992627990828862
DRREDDY,FIB_R1_BOUNCE_SHORT,34,22,0.6470588235294118,0.0013948048905337,0.04785327867440081,-0.0060676779463243,0.05392095662072511
DRREDDY,CAM_L3_LONG,40,10,0.25,-0.0024114631155312998,-0.09285815955568422,-0.0060676779463243,-0.08679048160935991
DRREDDY,CAM_S3_SHORT,35,10,0.2857142857142857,-0.0025882000901486,-0.08745655328072832,-0.0060676779463243,-0.08138887533440402
DRREDDY,CAM_R4_BREAKOUT_LONG,18,7,0.3888888888888889,-0.0027115673659834,-0.0482888154893637,-0.0060676779463243,-0.042221137543039404
DRREDDY,CAM_S4_BREAKDOWN_SHORT,24,8,0.3333333333333333,-0.0025260751516664997,-0.05962987235138939,-0.0060676779463243,-0.05356219440506509
EICHERMOT,STD_S1_BOUNCE_LONG,31,10,0.3225806451612903,-0.0047942205575473,-0.13938639858652113,-0.0445656511906346,-0.09482074739588653
EICHERMOT,STD_R1_BOUNCE_SHORT,23,12,0.5217391304347826,0.0008208159586763001,0.018099670779445187,-0.0445656511906346,0.06266532197007979
EICHERMOT,STD_R1_BREAKOUT_LONG,20,5,0.25,-0.0049159182302197,-0.09474439791204126,-0.0445656511906346,-0.05017874672140665
EICHERMOT,STD_S1_BREAKDOWN_SHORT,26,16,0.6153846153846154,0.0010744569795106001,0.027424699513854955,-0.0445656511906346,0.07199035070448956
EICHERMOT,FIB_S1_BOUNCE_LONG,35,16,0.4571428571428571,-0.0004534498972350999,-0.016467090783342853,-0.0445656511906346,0.02809856040729175
EICHERMOT,FIB_R1_BOUNCE_SHORT,30,16,0.5333333333333333,0.0023968800342766,0.07328583223503093,-0.0445656511906346,0.11785148342566554
EICHERMOT,CAM_L3_LONG,39,15,0.3846153846153846,0.00042994822487730014,0.015450338932730512,-0.0445656511906346,0.060015990123365115
EICHERMOT,CAM_S3_SHORT,39,16,0.4102564102564102,0.0003537197838951001,0.012647992841730238,-0.0445656511906346,0.05721364403236484
EICHERMOT,CAM_R4_BREAKOUT_LONG,18,6,0.3333333333333333,-0.0035995317194839997,-0.06357967482840055,-0.0445656511906346,-0.019014023637765942
EICHERMOT,CAM_S4_BREAKDOWN_SHORT,24,10,0.4166666666666667,-0.0007483227279669999,-0.01880345472897127,-0.0445656511906346,0.025762196461663334
BRITANNIA,STD_S1_BOUNCE_LONG,34,18,0.5294117647058824,-0.0005538074596043,-0.019656262166799277,-0.1349072512647554,0.11525098909795611
BRITANNIA,STD_R1_BOUNCE_SHORT,24,13,0.5416666666666666,0.0011222459768187002,0.026228715082405873,-0.1349072512647554,0.16113596634716126
BRITANNIA,STD_R1_BREAKOUT_LONG,16,11,0.6875,0.0005985742469916001,0.009169363331967828,-0.1349072512647554,0.14407661459672322
BRITANNIA,STD_S1_BREAKDOWN_SHORT,25,13,0.52,-0.0011966414419316998,-0.03033836858585892,-0.1349072512647554,0.10456888267889647
BRITANNIA,FIB_S1_BOUNCE_LONG,38,13,0.3421052631578947,-0.0015532795197469999,-0.05824725223730021,-0.1349072512647554,0.07665999902745518
BRITANNIA,FIB_R1_BOUNCE_SHORT,33,18,0.5454545454545454,0.0012051989634747002,0.03982275335144503,-0.1349072512647554,0.17473000461620042
BRITANNIA,CAM_L3_LONG,47,18,0.3829787234042553,0.0003041587593732001,0.012477743846672551,-0.1349072512647554,0.14738499511142794
BRITANNIA,CAM_S3_SHORT,39,18,0.4615384615384615,0.0007976650729896001,0.030444096748561078,-0.1349072512647554,0.16535134801331647
BRITANNIA,CAM_R4_BREAKOUT_LONG,15,6,0.4,-0.0036198746107199,-0.05322252242908343,-0.1349072512647554,0.08168472883567196
BRITANNIA,CAM_S4_BREAKDOWN_SHORT,25,7,0.28,-0.0027024237415817,-0.06607670368220908,-0.1349072512647554,0.06883054758254631
CIPLA,STD_S1_BOUNCE_LONG,32,12,0.375,-0.0013557794605767,-0.04311991914945568,0.0586707410236821,-0.10179066017313779
CIPLA,STD_R1_BOUNCE_SHORT,30,19,0.6333333333333333,0.0001382856286699001,0.003160414011080359,0.0586707410236821,-0.055510327012601744
CIPLA,STD_R1_BREAKOUT_LONG,22,14,0.6363636363636364,0.0004135727927232001,0.00880528876629505,0.0586707410236821,-0.049865452257387054
CIPLA,STD_S1_BREAKDOWN_SHORT,25,14,0.56,-0.0014144582748079999,-0.0352431792014557,0.0586707410236821,-0.09391392022513781
CIPLA,FIB_S1_BOUNCE_LONG,37,15,0.4054054054054054,-0.0007179936587273999,-0.026699876139330003,0.0586707410236821,-0.08537061716301211
CIPLA,FIB_R1_BOUNCE_SHORT,35,17,0.4857142857142857,-4.0123234009931314e-05,-0.0019429029103904538,0.0586707410236821,-0.06061364393407256
CIPLA,CAM_L3_LONG,40,13,0.325,-0.0017626806964192998,-0.06875538141013082,0.0586707410236821,-0.12742612243381293
CIPLA,CAM_S3_SHORT,41,16,0.3902439024390244,0.0001521546141616001,0.005364931702254605,0.0586707410236821,-0.0533058093214275
CIPLA,CAM_R4_BREAKOUT_LONG,22,9,0.4090909090909091,-0.0010544800587244,-0.023428942736640423,0.0586707410236821,-0.08209968376032253
CIPLA,CAM_S4_BREAKDOWN_SHORT,22,8,0.3636363636363636,-0.0021088546254925,-0.04569653233923909,0.0586707410236821,-0.1043672733629212
HEROMOTOCO,STD_S1_BOUNCE_LONG,28,7,0.25,-0.0060465592408565,-0.15709734134112552,-0.1115659996328254,-0.045531341708300116
HEROMOTOCO,STD_R1_BOUNCE_SHORT,30,16,0.5333333333333333,0.0005976313646832001,0.01665631877588636,-0.1115659996328254,0.12822231840871176
HEROMOTOCO,STD_R1_BREAKOUT_LONG,25,8,0.32,-0.0034533088119282998,-0.08382193598127186,-0.1115659996328254,0.027744063651553547
HEROMOTOCO,STD_S1_BREAKDOWN_SHORT,27,14,0.5185185185185185,6.38488521390001e-05,0.0005857114143812403,-0.1115659996328254,0.11215171104720664
HEROMOTOCO,FIB_S1_BOUNCE_LONG,36,11,0.3055555555555556,-0.0012598588407213998,-0.04544465001148479,-0.1115659996328254,0.06612134962134061
HEROMOTOCO,FIB_R1_BOUNCE_SHORT,32,16,0.5,0.0015665189201498001,0.04992878967711989,-0.1115659996328254,0.1614947893099453
HEROMOTOCO,CAM_L3_LONG,36,12,0.3333333333333333,-0.0023518843279118997,-0.08250105573217581,-0.1115659996328254,0.029064943900649592
HEROMOTOCO,CAM_S3_SHORT,37,16,0.4324324324324324,-0.0007913184222213999,-0.03030635103615187,-0.1115659996328254,0.08125964859667353
HEROMOTOCO,CAM_R4_BREAKOUT_LONG,23,9,0.391304347826087,-0.0022234913561113,-0.05063999093834404,-0.1115659996328254,0.060926008694481365
HEROMOTOCO,CAM_S4_BREAKDOWN_SHORT,24,16,0.6666666666666666,0.0015857873539592,0.03760484008498843,-0.1115659996328254,0.14917083971781384
BPCL,STD_S1_BOUNCE_LONG,36,21,0.5833333333333334,0.0025026649702879003,0.09201023498088445,-0.1595136956203311,0.2515239306012156
BPCL,STD_R1_BOUNCE_SHORT,24,15,0.625,0.0056853658262348,0.14385497916877377,-0.1595136956203311,0.3033686747891049
BPCL,STD_R1_BREAKOUT_LONG,18,5,0.2777777777777778,-0.008154977928045301,-0.1385465994683548,-0.1595136956203311,0.02096709615197631
BPCL,STD_S1_BREAKDOWN_SHORT,29,10,0.3448275862068966,-0.0045208513903908,-0.12419126636132094,-0.1595136956203311,0.03532242925901016
BPCL,FIB_S1_BOUNCE_LONG,39,25,0.6410256410256411,0.0038339910003283,0.15896020021047552,-0.1595136956203311,0.31847389583080665
BPCL,FIB_R1_BOUNCE_SHORT,29,17,0.5862068965517241,0.0052885352115331005,0.16262337593640752,-0.1595136956203311,0.32213707155673865
BPCL,CAM_L3_LONG,42,21,0.5,0.0010983727402313,0.0448045187267736,-0.1595136956203311,0.2043182143471047
BPCL,CAM_S3_SHORT,29,12,0.4137931034482758,0.00043316745001220007,0.010566352385059652,-0.1595136956203311,0.17008004800539075
BPCL,CAM_R4_BREAKOUT_LONG,18,6,0.3333333333333333,-0.00615946471626,-0.10623798996372957,-0.1595136956203311,0.05327570565660153
BPCL,CAM_S4_BREAKDOWN_SHORT,28,11,0.3928571428571428,-0.003635325282698,-0.09792065300573305,-0.1595136956203311,0.061593042614598054
APOLLOHOSP,STD_S1_BOUNCE_LONG,30,17,0.5666666666666667,0.0025112563578847,0.07689140079989465,0.1229573010015814,-0.04606590020168676
APOLLOHOSP,STD_R1_BOUNCE_SHORT,32,16,0.5,-0.0012402070066193998,-0.039859327307143366,0.1229573010015814,-0.1628166283087248
APOLLOHOSP,STD_R1_BREAKOUT_LONG,25,13,0.52,-0.0020466129386489,-0.050414042675292925,0.1229573010015814,-0.17337134367687435
APOLLOHOSP,STD_S1_BREAKDOWN_SHORT,20,8,0.4,-0.0025500498907953,-0.05046367344611513,0.1229573010015814,-0.17342097444769655
APOLLOHOSP,FIB_S1_BOUNCE_LONG,34,21,0.6176470588235294,0.0019056823327286,0.06608994828882864,0.1229573010015814,-0.05686735271275277
APOLLOHOSP,FIB_R1_BOUNCE_SHORT,42,17,0.4047619047619047,-0.0006610330832875999,-0.0280672276441718,0.1229573010015814,-0.15102452864575322
APOLLOHOSP,CAM_L3_LONG,40,24,0.6,0.0018816888615592001,0.07701139692363013,0.1229573010015814,-0.04594590407795128
APOLLOHOSP,CAM_S3_SHORT,43,15,0.3488372093023256,-0.0014387007353476998,-0.06096664148254327,0.1229573010015814,-0.1839239424841247
APOLLOHOSP,CAM_R4_BREAKOUT_LONG,24,8,0.3333333333333333,-0.0024213173834867997,-0.05673900025394463,0.1229573010015814,-0.17969630125552605
APOLLOHOSP,CAM_S4_BREAKDOWN_SHORT,17,9,0.5294117647058824,-0.0002974612851166999,-0.005340456645820613,0.1229573010015814,-0.12829775764740203
TECHM,STD_S1_BOUNCE_LONG,25,12,0.48,0.0026112016592024,0.06638573567080353,0.1241379310344827,-0.057752195363679176
TECHM,STD_R1_BOUNCE_SHORT,33,17,0.5151515151515151,3.805074464000157e-05,-0.0004752837781744068,0.1241379310344827,-0.12461321481265711
TECHM,STD_R1_BREAKOUT_LONG,26,13,0.5,-0.0024831281659185,-0.06360760290879264,0.1241379310344827,-0.18774553394327534
TECHM,STD_S1_BREAKDOWN_SHORT,17,5,0.2941176470588235,-0.0070236759344951,-0.11347069583498703,0.1241379310344827,-0.23760862686946974
TECHM,FIB_S1_BOUNCE_LONG,32,14,0.4375,0.0012667307618846,0.03999709341124924,0.1241379310344827,-0.08414083762323346
TECHM,FIB_R1_BOUNCE_SHORT,37,17,0.4594594594594595,0.00048709838429060015,0.016868223353796674,0.1241379310344827,-0.10726970768068603
TECHM,CAM_L3_LONG,40,21,0.525,0.0018239354989055,0.07368808638036572,0.1241379310344827,-0.050449844654116976
TECHM,CAM_S3_SHORT,45,21,0.4666666666666667,0.0008793062725050001,0.03833684465388565,0.1241379310344827,-0.08580108638059705
TECHM,CAM_R4_BREAKOUT_LONG,21,12,0.5714285714285714,-0.0005918400036322,-0.01304170483732292,0.1241379310344827,-0.13717963587180562
TECHM,CAM_S4_BREAKDOWN_SHORT,15,5,0.3333333333333333,-0.0028232424928312998,-0.042203377800267394,0.1241379310344827,-0.1663413088347501
SBILIFE,STD_S1_BOUNCE_LONG,32,19,0.59375,0.0013234393428617,0.04181884159195448,-0.0842631578947368,0.1260819994866913
SBILIFE,STD_R1_BOUNCE_SHORT,23,14,0.6086956521739131,0.0013842538635669,0.031332366289740676,-0.0842631578947368,0.11559552418447748
SBILIFE,STD_R1_BREAKOUT_LONG,19,11,0.5789473684210527,-0.0007972977808792999,-0.015536843005969692,-0.0842631578947368,0.06872631488876711
SBILIFE,STD_S1_BREAKDOWN_SHORT,24,10,0.4166666666666667,-0.0037509968231023,-0.0869077762334719,-0.0842631578947368,-0.002644618338735097
SBILIFE,FIB_S1_BOUNCE_LONG,42,21,0.5,0.0006526178507813001,0.026746356420604078,-0.0842631578947368,0.11100951431534088
SBILIFE,FIB_R1_BOUNCE_SHORT,29,11,0.3793103448275862,-0.0002552252290010999,-0.007835048067411088,-0.0842631578947368,0.07642810982732572
SBILIFE,CAM_L3_LONG,42,14,0.3333333333333333,0.0001616902119081001,0.005341099166989993,-0.0842631578947368,0.0896042570617268
SBILIFE,CAM_S3_SHORT,31,17,0.5483870967741935,0.0016596821933006001,0.05177520822556647,-0.0842631578947368,0.1360383661203033
SBILIFE,CAM_R4_BREAKOUT_LONG,17,9,0.5294117647058824,-0.0001682475043782999,-0.0032513578160082712,-0.0842631578947368,0.08101180007872853
SBILIFE,CAM_S4_BREAKDOWN_SHORT,21,8,0.3809523809523809,-0.0039170710317232,-0.07963243670972231,-0.0842631578947368,0.004630721185014494
BAJAJ-AUTO,STD_S1_BOUNCE_LONG,27,10,0.3703703703703703,-0.0025761449672678997,-0.06804755537010232,0.0546875,-0.12273505537010232
BAJAJ-AUTO,STD_R1_BOUNCE_SHORT,34,19,0.5588235294117647,0.0001432174828100001,0.003865970375878991,0.0546875,-0.05082152962412101
BAJAJ-AUTO,STD_R1_BREAKOUT_LONG,30,11,0.3666666666666666,-0.0050513171454510996,-0.14215102391399492,0.0546875,-0.19683852391399492
BAJAJ-AUTO,STD_S1_BREAKDOWN_SHORT,21,14,0.6666666666666666,0.0021919730085277,0.04674635608391231,0.0546875,-0.00794114391608769
BAJAJ-AUTO,FIB_S1_BOUNCE_LONG,37,12,0.3243243243243243,-0.0015986755928778,-0.05805466580072083,0.0546875,-0.11274216580072083
BAJAJ-AUTO,FIB_R1_BOUNCE_SHORT,38,14,0.3684210526315789,-0.0002072861951179999,-0.008813816356680326,0.0546875,-0.06350131635668033
BAJAJ-AUTO,CAM_L3_LONG,36,11,0.3055555555555556,-0.0018095847248408,-0.06394900178418517,0.0546875,-0.11863650178418517
BAJAJ-AUTO,CAM_S3_SHORT,42,16,0.3809523809523809,-0.0009332818899509999,-0.03978864373586999,0.0546875,-0.09447614373586999
BAJAJ-AUTO,CAM_R4_BREAKOUT_LONG,29,12,0.4137931034482758,-0.0046073597113733995,-0.12645508281986684,0.0546875,-0.18114258281986684
BAJAJ-AUTO,CAM_S4_BREAKDOWN_SHORT,19,11,0.5789473684210527,-0.0006890229739824999,-0.013559543698007825,0.0546875,-0.06824704369800783
TATACONSUM,STD_S1_BOUNCE_LONG,27,15,0.5555555555555556,0.0020943317030701,0.05694862438027415,0.0198766908990521,0.03707193348122205
TATACONSUM,STD_R1_BOUNCE_SHORT,29,19,0.6551724137931034,0.0022200623657630003,0.06546575417826483,0.0198766908990521,0.045589063279212735
TATACONSUM,STD_R1_BREAKOUT_LONG,23,11,0.4782608695652174,-0.0032249237139322998,-0.07220172250272061,0.0198766908990521,-0.09207841340177271
TATACONSUM,STD_S1_BREAKDOWN_SHORT,26,9,0.3461538461538461,-0.0034326401101721997,-0.08644298436595044,0.0198766908990521,-0.10631967526500254
TATACONSUM,FIB_S1_BOUNCE_LONG,36,16,0.4444444444444444,-9.488184657243745e-05,-0.004140891317958251,0.0198766908990521,-0.02401758221701035
TATACONSUM,FIB_R1_BOUNCE_SHORT,34,20,0.5882352941176471,0.0017802675921213,0.06133621212859053,0.0198766908990521,0.04145952122953843
TATACONSUM,CAM_L3_LONG,40,16,0.4,0.0001483981540052001,0.004342664737114088,0.0198766908990521,-0.015534026161938011
TATACONSUM,CAM_S3_SHORT,41,17,0.4146341463414634,-4.9383268444338764e-05,-0.0031691934050350756,0.0198766908990521,-0.023045884304087175
TATACONSUM,CAM_R4_BREAKOUT_LONG,19,8,0.4210526315789473,-0.0011949346831047,-0.022977037959460267,0.0198766908990521,-0.042853728858512366
TATACONSUM,CAM_S4_BREAKDOWN_SHORT,17,11,0.6470588235294118,0.0010859851093302,0.01825629214592306,0.0198766908990521,-0.0016203987531290404
HINDALCO,STD_S1_BOUNCE_LONG,27,15,0.5555555555555556,-0.0006556145575121999,-0.018702356025670275,0.0913829787234044,-0.11008533474907467
HINDALCO,STD_R1_BOUNCE_SHORT,32,17,0.53125,0.0025428948913115003,0.08258301409897095,0.0913829787234044,-0.008799964624433443
HINDALCO,STD_R1_BREAKOUT_LONG,24,8,0.3333333333333333,-0.0053382868340555,-0.12139160685218342,0.0913829787234044,-0.21277458557558782
HINDALCO,STD_S1_BREAKDOWN_SHORT,24,11,0.4583333333333333,0.0004337585631680001,0.009708581185323473,0.0913829787234044,-0.08167439753808092
HINDALCO,FIB_S1_BOUNCE_LONG,30,10,0.3333333333333333,0.0003743133911282001,0.010215130626507474,0.0913829787234044,-0.08116784809689692
HINDALCO,FIB_R1_BOUNCE_SHORT,36,17,0.4722222222222222,0.0015374648061133001,0.054999106363314176,0.0913829787234044,-0.03638387236009022
HINDALCO,CAM_L3_LONG,36,12,0.3333333333333333,-0.0013562373449155,-0.04864850569053447,0.0913829787234044,-0.14003148441393887
HINDALCO,CAM_S3_SHORT,43,22,0.5116279069767442,0.0013267014992587001,0.056438860145232805,0.0913829787234044,-0.03494411857817159
HINDALCO,CAM_R4_BREAKOUT_LONG,21,7,0.3333333333333333,-0.0043258991100636,-0.0875879001839821,0.0913829787234044,-0.1789708789073865
HINDALCO,CAM_S4_BREAKDOWN_SHORT,21,10,0.4761904761904761,-3.230906767897143e-05,-0.0013443895876604772,0.0913829787234044,-0.09272736831106487
SHRIRAMFIN,STD_S1_BOUNCE_LONG,33,18,0.5454545454545454,0.0012202126138937,0.03901147076545275,-0.0714882506527415,0.11049972141819425
SHRIRAMFIN,STD_R1_BOUNCE_SHORT,25,11,0.44,-0.0017311176968125,-0.044007926048890145,-0.0714882506527415,0.027480324603851358
SHRIRAMFIN,STD_R1_BREAKOUT_LONG,23,9,0.391304347826087,-0.0052788852836011995,-0.11611643922181458,-0.0714882506527415,-0.04462818856907308
SHRIRAMFIN,STD_S1_BREAKDOWN_SHORT,31,13,0.4193548387096774,-0.0020706823710052997,-0.06393729426036454,-0.0714882506527415,0.007550956392376962
SHRIRAMFIN,FIB_S1_BOUNCE_LONG,36,14,0.3888888888888889,-0.0013607025237072998,-0.04893794005771235,-0.0714882506527415,0.022550310595029155
SHRIRAMFIN,FIB_R1_BOUNCE_SHORT,30,13,0.4333333333333333,0.0016608010140277002,0.04899076001104641,-0.0714882506527415,0.12047901066378791
SHRIRAMFIN,CAM_L3_LONG,42,12,0.2857142857142857,-0.0033934594366237,-0.13489302143061888,-0.0714882506527415,-0.06340477077787737
SHRIRAMFIN,CAM_S3_SHORT,29,13,0.4482758620689655,0.002066359584788,0.05951008834771487,-0.0714882506527415,0.13099833900045638
SHRIRAMFIN,CAM_R4_BREAKOUT_LONG,20,7,0.35,-0.0028015741089207997,-0.05639548827427676,-0.0714882506527415,0.015092762378464741
SHRIRAMFIN,CAM_S4_BREAKDOWN_SHORT,28,12,0.4285714285714285,-0.0009382706731799999,-0.02773300414066393,-0.0714882506527415,0.04375524651207757
TRENT,STD_S1_BOUNCE_LONG,31,14,0.4516129032258064,-0.00044200952293839993,-0.015082842610204206,0.1302811779130905,-0.1453640205232947
TRENT,STD_R1_BOUNCE_SHORT,27,15,0.5555555555555556,0.0009986889915960002,0.02563828836619142,0.1302811779130905,-0.10464288954689907
TRENT,STD_R1_BREAKOUT_LONG,23,8,0.3478260869565217,-0.0028125288282826,-0.06372854716889653,0.1302811779130905,-0.19400972508198702
TRENT,STD_S1_BREAKDOWN_SHORT,27,12,0.4444444444444444,-0.0016747808147677,-0.04518049056596818,0.1302811779130905,-0.17546166847905867
TRENT,FIB_S1_BOUNCE_LONG,33,15,0.4545454545454545,0.0021240565738366002,0.07102865698764926,0.1302811779130905,-0.05925252092544123
TRENT,FIB_R1_BOUNCE_SHORT,34,11,0.3235294117647059,-0.0007468564308360999,-0.02614518835335422,0.1302811779130905,-0.1564263662664447
TRENT,CAM_L3_LONG,36,14,0.3888888888888889,-0.0006427393484585999,-0.024424520202450672,0.1302811779130905,-0.15470569811554116
TRENT,CAM_S3_SHORT,42,22,0.5238095238095238,0.0023717646349992,0.10199047919071558,0.1302811779130905,-0.028290698722374913
TRENT,CAM_R4_BREAKOUT_LONG,21,10,0.4761904761904761,-0.0011863171126523,-0.025736964917930205,0.1302811779130905,-0.1560181428310207
TRENT,CAM_S4_BREAKDOWN_SHORT,24,10,0.4166666666666667,-0.0023784122746156,-0.056394337677423745,0.1302811779130905,-0.18667551559051423
